objective,metric,n,pearson_r,p_value
TO,env_skewness,7,-0.8486100849032716,0.0157591720231093
TO,env_centroid,7,0.7684275002251524,0.043556453609684784
TO,main_fwhm,7,0.754058364407473,0.05020846271162822
TO,ratio_D2_main,7,0.7318703933722321,0.061503899850354114
TO,env_kurtosis,7,-0.6357835909712528,0.12485200279543407
CO,env_skewness,7,-0.9177034276008786,0.00356851490415345
CO,env_centroid,7,0.8310961833123176,0.020515403194136424
CO,main_fwhm,7,0.16025820878060654,0.7314173670845964
CO,ratio_D2_main,7,0.8745659459216549,0.009992339777940637
CO,env_kurtosis,7,-0.6712670091661402,0.09873234235166824
