,PC1_loading,PC2_loading
env_sigma,0.44226681703154125,0.03396407403379955
env_skewness,-0.40485944190814793,0.03455620152964416
env_kurtosis,-0.40480665094601787,0.021662782217776448
main_fwhm,0.2042881771735087,0.18140911762790965
main_area,-0.03976314181338169,0.5073268279675883
D1_fwhm,-0.12327110053162724,-0.38465690961427573
D1_area,-0.2080437960800915,-0.39643575095026334
D2_fwhm,0.4167659058986792,-0.04103726806911402
D2_area,0.3821995746956309,-0.20558368631322907
ratio_D1_main,-0.07347895606291112,-0.482429082741101
ratio_D2_main,0.222841257189685,-0.35367284893616824
