objective,specimen,segment,load_mN,depth_nm,env_centroid,env_sigma,env_skewness,env_kurtosis,env_peak_max_wn,main_center,main_fwhm,main_height,main_area,main_fraction,D1_center,D1_fwhm,D1_height,D1_area,D1_fraction,D2_center,D2_fwhm,D2_height,D2_area,D2_fraction,fit_redchi,baseline_negative_fraction,d12_D1_area,d12_D1_fraction_total,d12_D2_area,d12_D2_fraction_total,d12_R_area,d12_R_fraction_total,ratio_D1_main,ratio_D2_main,PC1,PC2
TO,thick_FS,loading,0.0,0.0,437.2381344840349,52.40057098995427,0.7519054699648748,1.478388789233981,443.3120072552047,410.57586157001487,136.12290205544463,0.0067784119709602,0.9821806426028128,4.249117224741639e-09,483.4180442632885,45.44869750730706,0.0032349995537364,0.1565048774286259,1.5423551325000062e-11,602.7673930772955,22.028710344803866,0.0005699493292919,0.0133646481472728,1.5743240044940876e-11,9.915762963811265e-08,0.0898876404494382,0.3099480650433702,0.3099381719391338,0.018384679210276,0.0183840923972957,0.6716991753520432,0.6716777356635704,0.1593442902864412,0.0136071182505247,-6.2306791860970145,0.9553421202690919
TO,thick_FS,loading,50.0,984.61403,516.800442993547,93.7544027032642,0.2202103277135196,-1.019438469185519,490.7600883793566,451.60706306267593,195.67822181287625,0.0032723384207812,1.005820728693951,0.9999999999845782,492.3045577609845,35.92654405694383,0.0012990847174167,0.0733116159312152,0.999999996038452,655.7715062413668,178.75133116502616,0.0018818970179081,0.5284026850329557,0.9999999999845774,1.6272796178315994e-08,0.0,0.3236087796585341,0.3236087796585341,0.3531321226102306,0.3531321226102306,0.3232590977312353,0.3232590977312353,0.072887358392792,0.5253447955075273,1.0067543959119982,1.1447641754063926
TO,thick_FS,loading,100.0,1428.013664,528.2910099595372,94.11661845630276,0.0647531074051279,-1.0798281518450965,488.7879845251773,477.34590004880016,220.44998782755573,0.003518878859544,1.2185245187438336,0.9999999999834512,492.7944509004654,22.23067499051982,0.0008229574407329,0.0246365456931629,0.6500462149739112,664.3469874732789,142.81683205928627,0.0019606876503558,0.2980712020170193,1.0963452368173421e-13,1.9380904864418036e-08,0.0,0.3161248259225822,0.3161248259225822,0.4049323713971815,0.4049323713971815,0.2789428026802363,0.2789428026802363,0.0202183421951661,0.244616499243116,0.9781083787024736,2.4996527344109896
TO,thick_FS,loading,150.0,1747.607665,535.2625152489602,94.75877878684284,-0.0251841817211623,-1.105774585663592,490.7600883793566,479.9999998430209,217.13777296311088,0.0033352063888145,1.1375695808823338,0.9999999999827824,492.08865617962937,22.80702610449729,0.0006107819182635,0.018181926561023,0.5722433100085823,669.9042332336495,158.77500076192877,0.0023344173620008,0.3945416335828637,1.309522212888936e-09,1.8335657695904977e-08,0.0,0.3027158585914047,0.3027158585914047,0.4388245672460637,0.4388245672460637,0.2584595741625315,0.2584595741625315,0.015983133574054,0.3468285722591537,1.4903989716145465,2.1857291988219796
TO,thick_FS,loading,200.0,2062.815515,538.6752371604161,94.92855588624482,-0.0724454457367515,-1.1085962818850592,493.71744751919687,479.9999882568753,222.3458835312824,0.0031351863849862,1.080587982364523,0.971969669975798,492.58377905165145,26.337102785297084,0.0005804692472926,0.024014142958268,0.9999999991811102,673.589457118911,170.4448544988499,0.002534039857959,0.4597582733169132,4.4966589618500314e-08,1.8958305745907452e-08,0.0,0.2950121964123323,0.2950121964123324,0.4562317803811497,0.4562317803811497,0.2487560232065179,0.2487560232065179,0.0222232186089288,0.4254704668386914,1.8186103752050469,1.9221267617654088
TO,thick_FS,loading,250.0,2359.830042,541.5296741437984,95.20618701933827,-0.1114188105321159,-1.1103843490869132,490.7600883793566,478.57848618981774,220.40817025916448,0.0030484311795193,1.0445296484064324,0.9780876680137192,493.6241554896634,24.495426115221758,0.0004974468748151,0.0129707149678486,9.933118216842731e-10,678.0525274572128,185.2745512913313,0.0027302215287412,0.5384506069113832,2.580480840119748e-08,1.9240371622878183e-08,0.0,0.2866118737084701,0.2866118737084701,0.4714724978356034,0.4714724978356034,0.2419156284559265,0.2419156284559265,0.0124177566310704,0.5154957618798668,2.182175710388932,1.7944788074344693
TO,thick_FS,loading,300.0,2607.978537,541.9101148884662,95.89946338165464,-0.1207006254245209,-1.12038543917475,491.7459809609973,473.3797077685158,222.5785425464534,0.0029375339024017,1.0270369269958466,0.9999999999994048,494.7932376371443,23.88048857922058,0.0005635657482007,0.0143379274565762,0.0026160124150339,683.6523775720209,200.89063555460163,0.0028488722540437,0.6092069909379596,1.541372585123213e-11,1.988289230376616e-08,0.0,0.2814646767200834,0.2814646767200834,0.4746727021290852,0.4746727021290852,0.2438626211508314,0.2438626211508314,0.0139604790048938,0.5931695101946644,2.49627014938281,1.666896255050313
TO,thick_FS,unloading,0.0,1826.697231,502.4927724364289,78.57281775812926,0.2016406967245206,-0.6692340118603943,489.7740896,432.55705866397136,203.49134343616004,0.0026526366138326,0.5745871496264867,1.3878947990875187e-10,505.59926497254594,96.9070504353436,0.0033883526234377,0.3495233435307825,1.0993084775812179e-09,621.7550365565619,66.13144154496537,0.0022905836078104,0.1914025911864367,0.4888044577652138,1.923062862872556e-08,0.0,0.424402181365335,0.4244021813653349,0.2657189003300997,0.2657189003300996,0.3098789183045655,0.3098789183045654,0.6083034466712176,0.3331132471564305,-1.9893328055672554,-2.084328735954924
TO,thick_FS,unloading,50.0,2037.866093,531.9244089614092,92.02574400388716,0.0117849582858677,-1.029678248504325,604.4195478,420.8104482989763,149.0771300673355,0.0016926648653685,0.2686513283271758,0.0005341274216386,498.53261820960097,81.98158480949418,0.0022234062792719,0.194029313700758,1.54225521242779e-11,631.8399668590965,201.60748744008163,0.0031307615782567,0.9914630411217636,0.999999999945074,4.4389797155463865e-08,0.0,0.3319133245885659,0.3319133245885658,0.4169282944401599,0.4169282944401598,0.2511583809712744,0.2511583809712743,0.7222347081212279,3.69051978002623,2.297932088018506,-4.838543785715362
TO,thick_FS,unloading,100.0,2124.228607,535.8309355270073,94.32987113384168,-0.0367860811154896,-1.0887176731031676,493.7174475,417.9365644386184,159.90481548333432,0.0017141262275863,0.3225829865856908,0.2963587838691368,496.3885184168545,84.77535706771015,0.0019740333783699,0.1989045391803787,0.3238980420351718,648.0284880732116,219.9999999995258,0.0031775450694311,0.9751276567894552,0.7349199041815833,2.601585693825873e-08,0.0,0.3100507050686949,0.3100507050686949,0.4394058789194787,0.4394058789194787,0.2505434160118264,0.2505434160118264,0.6165995959230225,3.022873794772876,2.529772366518739,-4.194125712649365
TO,thick_FS,unloading,150.0,2223.360358,536.8383490823417,95.5376458586844,-0.0561422449668848,-1.1121780712670235,493.7174475,425.7108369473193,196.9754698543531,0.002156530915813,0.6672486599202581,0.9999999979871113,496.8533386779824,81.91835877110923,0.0016883903129413,0.1758742349522721,0.505327870513197,665.1739852671718,219.9999999979385,0.0029175982087775,0.6832511557919749,2.612684124603248e-09,1.896807396211632e-08,0.0,0.2982598991305229,0.2982598991305229,0.4472187716461501,0.4472187716461501,0.254521329223327,0.254521329223327,0.2635812486656633,1.023982807059709,1.99425476531334,-1.265394516608579
TO,thick_FS,unloading,200.0,2324.105796,541.3684445400396,94.206196375652,-0.1105199659146066,-1.080754640878833,491.745981,427.985556577285,207.78333053938445,0.0018542011941998,0.6051839987854442,0.9999999995980526,494.7515592945142,92.31884895196264,0.0017283178930404,0.2002138115624592,0.4706057180390599,660.2260503936154,211.8596558569991,0.003057858645643,0.6896009960543663,1.3392149555979673e-08,2.338821608376181e-08,0.0,0.296391442879314,0.296391442879314,0.4680689992398198,0.4680689992398198,0.2355395578808661,0.2355395578808661,0.3308313041393564,1.1394898038255148,1.990985822988885,-1.7345276585149783
TO,thick_FS,unloading,250.0,2470.632916,542.1640030583184,95.955444595808,-0.1256046168963202,-1.124977033921322,636.4962395,478.3478607604419,229.5378212675743,0.0030010125950348,1.08203659791149,0.9999999999845788,491.7680595633111,23.823160279005524,0.0005966399835021,0.0155222307216629,0.0783575827461561,676.4559144192442,173.41323362117538,0.0027847795112403,0.5140498795927086,2.2018176171201278e-10,1.980489102474828e-08,0.0,0.2815362037274708,0.2815362037274708,0.4762995506235408,0.4762995506235408,0.2421642456489883,0.2421642456489883,0.0143453842056945,0.4750762410300262,2.1762974731480202,1.9709997501833254
TO,thick_FS,unloading,300.0,2656.629072,541.9101148903729,95.89946336801344,-0.1207006253741818,-1.120385439218145,491.745981,473.3829635228176,222.57612259249552,0.0029376528133429,1.0270673345065733,0.9999999999451256,494.79360584683184,23.8799791830158,0.0005634347667561,0.0143256748478362,0.0007520618900337,683.6518017186025,200.88295031620092,0.002848844323583,0.6091777127557878,1.5421830479311893e-11,1.988288812058908e-08,0.0,0.2814646766634976,0.2814646766634976,0.4746727021655467,0.4746727021655467,0.2438626211709555,0.2438626211709555,0.0139481359853768,0.5931234421435969,2.496163394210108,1.6670680358227603
CO,thin_FS,loading,0.0,0.0,439.4681349985013,53.06490471583605,0.6460400689531332,0.7426998496584791,438.3555184675061,408.2346289131289,136.6735838910381,0.0063558893850542,0.9246835321566796,1.33146160763431e-10,478.6698069565411,58.163824695435885,0.0033151254339308,0.2052509297441158,4.9369669463672494e-09,601.2720198904841,30.786687438958246,0.0006189638882351,0.0202843216147501,2.1967134999911764e-08,8.970829349021288e-08,0.1095505617977528,0.3121094133860685,0.312097629749357,0.0287884631294244,0.0287873762259974,0.6591398797363599,0.6591149940246456,0.2219688386419083,0.0219365014184259,-5.533227913800814,0.3291890470904766
CO,thin_FS,loading,50.0,931.9683691,497.83067341597257,83.91478263771505,0.3796750206311355,-0.6740484090575514,490.7619547990071,465.6969967206104,197.80524813887823,0.0045959123163518,1.4280038883919175,0.9999998478522744,492.6190829478502,20.28140571065258,0.0009737526554894,0.0244712378508022,0.4372443787815875,627.6708495558246,55.10861740325517,0.0009014487004648,0.0528801579677198,9.731095373943788e-09,7.47425434676581e-09,0.0,0.3678815225064015,0.3678815225064015,0.2620548349761633,0.2620548349761633,0.370063642517435,0.370063642517435,0.0171366745214955,0.0370308221130045,-1.5918798046809546,3.20716224004405
CO,thin_FS,loading,100.0,1388.418643,512.204909670473,84.72178651976445,0.1861076912957608,-0.8146367248099704,494.7050150968971,465.0247337688451,258.76490706879656,0.0024079204694653,0.8133625260538544,0.5725437504696889,495.44335115344006,119.99999297260914,0.0021805906826307,0.3390979536070138,0.5540293595365295,628.8118111013529,74.70704208299185,0.0015538963371232,0.1823490316951608,0.9999999999845788,1.3378603588980721e-08,0.0,0.3741338635480413,0.3741338635480413,0.3238608439576239,0.3238608439576239,0.3020052924943348,0.3020052924943348,0.4169087494750912,0.2241915822946176,-1.2303841635106674,-1.0155343582423544
CO,thin_FS,loading,150.0,1767.112998,518.364467470361,84.44239827701334,0.1117965111935758,-0.8240676986786766,492.73369734218073,444.2182905245276,213.42863758355608,0.0023261104247903,0.7798353120292763,0.9999999999845948,510.9082753254664,112.7738131901552,0.0025666864737126,0.3081153233628009,1.5420498211682343e-11,627.7030781340956,87.38582621551559,0.0020822030211613,0.2858142948905198,0.9999999999997418,9.78564498350552e-09,0.0,0.3772233720258872,0.3772233720258872,0.3494552537694579,0.3494552537694579,0.2733213742046548,0.2733213742046548,0.3951030667757627,0.3665059666851684,-1.031458309954591,-1.3101396397497955
CO,thin_FS,loading,200.0,2032.917373,524.3039429164834,84.66298873883281,0.0412521359438713,-0.8383975298473696,493.7194093095168,478.35978449713446,196.4536023516613,0.0032075414009888,0.9898107006137636,0.9999999999845788,524.8348951951255,92.81674339043762,0.0014339878296267,0.1416785169440677,1.5421164345497118e-11,628.7881510087202,84.41663774010959,0.0019977458061865,0.2649037798165361,0.9999999998558904,8.686484693012359e-09,0.0,0.3718005531499292,0.3718005531499292,0.377980361819533,0.377980361819533,0.2502190850305377,0.2502190850305377,0.1431369825121262,0.2676307496496796,-0.650920797110246,0.4084303714835693
CO,thin_FS,loading,250.0,2297.756819,530.0666782339188,85.78539441055591,-0.0219259208546345,-0.8634214421211097,497.6611955508524,479.999642418554,197.01876189776712,0.0029769656905497,0.9213004685334918,0.9999999999845788,527.1534513081965,88.86351387694621,0.0013813661968923,0.1306665777381193,1.5422219057370512e-11,630.3317368991073,102.63531035127508,0.0022030831720653,0.3551792370833864,0.9999999996942994,8.435638586236096e-09,0.0,0.3578724710900347,0.3578724710900347,0.4082313866640648,0.4082313866640648,0.2338961422459005,0.2338961422459005,0.1418284069106269,0.3855194360736121,-0.11056881624157143,0.21118544239424702
CO,thin_FS,loading,300.0,2459.691188,528.3034226201186,84.65972907158582,0.0001605354491456,-0.8321149343493097,495.6905147214784,479.9999812924603,183.1166341246856,0.0031791650478973,0.9144516525594312,0.9999999999845788,529.403362620248,85.74567053805049,0.0014865958776425,0.1356867171852405,1.5421386390102043e-11,629.569635810479,92.6645773158695,0.0022002374709349,0.3202603560209427,0.999999997006516,9.22775869273983e-09,0.0,0.3684064861595024,0.3684064861595024,0.3962587910597726,0.3962587910597724,0.2353347227807252,0.2353347227807251,0.1483804166195895,0.3502212010056252,-0.45634179433793737,0.16669043026246444
CO,thin_FS,unloading,0.0,1982.849534,511.07866570177214,78.42744403732347,0.1058132344238373,-0.7103105936703455,490.7619547990071,425.4130525373568,193.14507011047195,0.0020901016740165,0.5079124878123784,0.4776124955015352,508.8709452755919,105.88504784846349,0.0039864812121371,0.4493208471393863,4.0463687955849537e-11,622.0875726860281,64.4482809754867,0.0025754612059232,0.1996258035076865,0.3565228640540145,1.1223108051695917e-08,0.0,0.4256179250676464,0.4256179250676464,0.3038882463766973,0.3038882463766973,0.2704938285556562,0.2704938285556562,0.884642252201061,0.3930318869840976,-2.1318390686405526,-3.373637417918077
CO,thin_FS,unloading,50.0,2221.269492,525.283445366535,83.69580374466875,0.020437497140705,-0.793054092438715,490.7619547990071,465.002296096076,241.4177708346087,0.0022973257098838,0.8711876002445158,0.9999999999845778,512.8897066875182,95.39086794997206,0.0025393669834739,0.2578484227638673,1.54225521242779e-11,625.4182395298052,76.66569414438815,0.0023519871972731,0.2832408581285275,0.99999999451238,2.3561102182051413e-08,0.0,0.3879733363493642,0.3879733363493642,0.375610154809805,0.375610154809805,0.2364165088408307,0.2364165088408307,0.2959734765410999,0.3251203966275811,-0.6180220816532119,-0.34162963528142054
CO,thin_FS,unloading,100.0,2341.557597,526.0501894819076,86.19524901966926,0.0479032613415416,-0.8752944355097583,427.4410806490741,463.6995926771558,189.1515170971342,0.0027597758022028,0.8199804694871837,0.9999999999845788,514.1157867937133,84.28077173591815,0.0018877733649659,0.1693598920013685,1.5420498211682343e-11,626.3858512801006,102.25560410578348,0.0024264270284489,0.3897393269451821,0.999999999914334,2.8069352603140353e-08,0.0,0.3690111964016977,0.3690111964016977,0.3829226255368193,0.3829226255368193,0.248066178061483,0.248066178061483,0.2065413730003671,0.4753031827562006,-0.2589210336480269,-0.3195320976165509
CO,thin_FS,unloading,150.0,2377.920435,527.0641298899294,84.8559684312137,0.0239674583939529,-0.8394653493713462,504.5552368456192,471.9401906902968,191.4534929724965,0.0028390795224599,0.8538090002705807,0.9999999999845788,517.5932809552786,86.27370235317117,0.0018474700210005,0.1696633530655964,1.5420997812043424e-11,626.3678807394847,92.8342052818042,0.0023761800036977,0.3465031904617184,0.9999999998721504,1.0034068390703497e-08,0.0,0.375184421615612,0.375184421615612,0.3866514150451478,0.3866514150451478,0.2381641633392401,0.2381641633392401,0.198713474573152,0.4058322064441907,-0.4410685937378306,-0.176742090575449
CO,thin_FS,unloading,200.0,2477.8344,528.1808011100568,85.28877892302891,0.0075671519649259,-0.8507999955281051,493.7194093095168,473.6043756040636,196.6278375330014,0.0028243871095752,0.872346656219058,0.9999999999845788,519.6199776009405,87.36147874808044,0.0017320503857538,0.1610692766800148,1.5421330878950812e-11,627.5858010426742,96.47458597571374,0.0023311497856184,0.3532669265991359,0.9999999998282292,1.37669903379804e-08,0.0,0.3692984868597314,0.3692984868597314,0.3942714364434987,0.3942714364434987,0.2364300766967697,0.2364300766967697,0.1846390715568561,0.4049616331771963,-0.29664385952085687,-0.06851343821082342
CO,thin_FS,unloading,250.0,2548.918672,526.8966836245183,84.99633095875458,0.0095493176170826,-0.8368619883335282,494.7050150968971,479.9998284566174,198.60296101355712,0.0031007705887505,0.9673312816767612,0.9999999999845788,524.5746414955853,86.18785496019201,0.0014888577277666,0.1365939555596191,1.5421386390102043e-11,628.4459726226296,89.09431734788375,0.0021142491337233,0.2958871078634975,0.9999999998004906,9.281087277423517e-09,0.0,0.3693625778432529,0.3693625778432529,0.3898433048531164,0.3898433048531165,0.2407941173036305,0.2407941173036305,0.1412070075133399,0.305879809190715,-0.4300922734066666,0.4262528278876114
CO,thin_FS,unloading,300.0,2557.651898,528.3034226201178,84.65972907158387,0.0001605354491736,-0.8321149343492147,495.6905147214784,479.9999929304422,183.11939389570617,0.0031791276608628,0.9144546802323938,0.9999999999845788,529.4025030647464,85.74718523579932,0.0014866093413398,0.1356903429915124,1.5456691482285123e-11,629.5697201779807,92.66427790689684,0.0022002255372106,0.3202575846484006,0.9999999999991266,9.227758539269131e-09,0.0,0.3684064861595205,0.3684064861595205,0.3962587910599621,0.3962587910599621,0.2353347227805173,0.2353347227805173,0.1483838903389164,0.3502170108277124,-0.456343389495209,0.16668088871052525
