objective,specimen,segment,load_mN,depth_nm,env_centroid,env_sigma,env_skewness,env_kurtosis,env_peak_max_wn,main_center,main_fwhm,main_height,main_area,main_fraction,D1_center,D1_fwhm,D1_height,D1_area,D1_fraction,D2_center,D2_fwhm,D2_height,D2_area,D2_fraction,fit_redchi,baseline_negative_fraction,d12_D1_area,d12_D1_fraction_total,d12_D2_area,d12_D2_fraction_total,d12_R_area,d12_R_fraction_total,ratio_D1_main,ratio_D2_main
TO,thick_FS,loading,0.0,0.0,437.2381344840349,52.40057098995427,0.7519054699648748,1.478388789233981,443.3120072552047,410.57586157001487,136.12290205544465,0.006778411970960299,0.9821806426028128,4.249117224741639e-09,483.41804426328844,45.44869750730706,0.0032349995537364197,0.15650487742862595,1.5423551325000062e-11,602.7673930772955,22.028710344803866,0.0005699493292919984,0.013364648147272895,1.5743240044940876e-11,9.915762963811265e-08,0.0898876404494382,0.30994806504337025,0.3099381719391338,0.018384679210276058,0.018384092397295777,0.6716991753520432,0.6716777356635704,0.1593442902864412,0.013607118250524785
TO,thick_FS,loading,50.0,984.61403,516.800442993547,93.7544027032642,0.22021032771351967,-1.019438469185519,490.7600883793566,451.60706306267593,195.67822181287625,0.0032723384207812727,1.005820728693951,0.9999999999845782,492.30455776098444,35.92654405694383,0.0012990847174167788,0.07331161593121527,0.999999996038452,655.7715062413668,178.75133116502616,0.001881897017908105,0.5284026850329557,0.9999999999845774,1.6272796178315994e-08,0.0,0.3236087796585341,0.3236087796585341,0.3531321226102306,0.3531321226102306,0.3232590977312353,0.3232590977312353,0.07288735839279206,0.5253447955075273
TO,thick_FS,loading,100.0,1428.013664,528.2910099595372,94.11661845630277,0.06475310740512794,-1.0798281518450963,488.7879845251773,477.34590004880016,220.44998782755573,0.00351887885954402,1.2185245187438336,0.9999999999834512,492.7944509004654,22.23067499051982,0.0008229574407329907,0.02463654569316298,0.6500462149739112,664.3469874732789,142.81683205928627,0.001960687650355883,0.2980712020170193,1.0963452368173421e-13,1.9380904864418033e-08,0.0,0.31612482592258223,0.31612482592258223,0.4049323713971815,0.4049323713971815,0.2789428026802363,0.2789428026802363,0.020218342195166154,0.24461649924311604
TO,thick_FS,loading,150.0,1747.607665,535.2625152489602,94.75877878684285,-0.025184181721162352,-1.1057745856635919,490.7600883793566,479.9999998430209,217.13777296311088,0.0033352063888145347,1.1375695808823338,0.9999999999827824,492.08865617962937,22.807026104497286,0.0006107819182635248,0.01818192656102302,0.5722433100085823,669.9042332336495,158.77500076192877,0.002334417362000861,0.39454163358286376,1.3095222128889361e-09,1.8335657695904977e-08,0.0,0.3027158585914047,0.3027158585914047,0.4388245672460637,0.4388245672460637,0.2584595741625315,0.2584595741625315,0.015983133574054047,0.34682857225915376
TO,thick_FS,loading,200.0,2062.815515,538.6752371604161,94.92855588624482,-0.07244544573675152,-1.1085962818850592,493.71744751919687,479.9999882568753,222.34588353128237,0.0031351863849862042,1.080587982364523,0.9719696699757981,492.58377905165145,26.337102785297084,0.0005804692472926318,0.024014142958268092,0.9999999991811102,673.589457118911,170.44485449884993,0.002534039857959038,0.4597582733169132,4.496658961850031e-08,1.895830574590745e-08,0.0,0.29501219641233234,0.2950121964123324,0.4562317803811497,0.45623178038114975,0.2487560232065179,0.24875602320651793,0.0222232186089288,0.4254704668386914
TO,thick_FS,loading,250.0,2359.830042,541.5296741437984,95.20618701933827,-0.11141881053211594,-1.1103843490869132,490.7600883793566,478.57848618981774,220.40817025916448,0.0030484311795193147,1.0445296484064324,0.9780876680137192,493.6241554896634,24.495426115221754,0.0004974468748151741,0.012970714967848629,9.93311821684273e-10,678.0525274572128,185.2745512913313,0.0027302215287412783,0.5384506069113832,2.5804808401197477e-08,1.9240371622878186e-08,0.0,0.28661187370847013,0.28661187370847013,0.4714724978356034,0.4714724978356034,0.2419156284559265,0.2419156284559265,0.012417756631070418,0.5154957618798668
TO,thick_FS,loading,300.0,2607.978537,541.9101148884662,95.89946338165463,-0.12070062542452092,-1.1203854391747499,491.7459809609973,473.3797077685158,222.5785425464534,0.0029375339024017683,1.0270369269958466,0.9999999999994049,494.7932376371443,23.88048857922058,0.0005635657482007929,0.01433792745657625,0.0026160124150339525,683.6523775720209,200.89063555460163,0.002848872254043735,0.6092069909379596,1.541372585123213e-11,1.988289230376616e-08,0.0,0.2814646767200834,0.2814646767200834,0.4746727021290852,0.4746727021290852,0.24386262115083146,0.24386262115083146,0.013960479004893884,0.5931695101946644
TO,thick_FS,unloading,0.0,1826.697231,502.4927724364289,78.57281775812926,0.20164069672452065,-0.6692340118603943,489.7740896,432.55705866397136,203.49134343616004,0.0026526366138326252,0.5745871496264867,1.387894799087519e-10,505.59926497254594,96.90705043534359,0.00338835262343773,0.3495233435307825,1.0993084775812179e-09,621.7550365565619,66.13144154496537,0.0022905836078104206,0.19140259118643677,0.4888044577652138,1.9230628628725557e-08,0.0,0.42440218136533503,0.4244021813653349,0.2657189003300997,0.26571890033009965,0.3098789183045655,0.30987891830456543,0.6083034466712176,0.3331132471564305
TO,thick_FS,unloading,50.0,2037.866093,531.9244089614092,92.02574400388717,0.011784958285867782,-1.029678248504325,604.4195478,420.8104482989763,149.0771300673355,0.001692664865368594,0.26865132832717586,0.0005341274216386083,498.53261820960097,81.98158480949418,0.0022234062792719457,0.19402931370075804,1.54225521242779e-11,631.8399668590965,201.60748744008163,0.003130761578256798,0.9914630411217635,0.9999999999450739,4.438979715546386e-08,0.0,0.3319133245885659,0.3319133245885658,0.41692829444015994,0.41692829444015983,0.2511583809712744,0.25115838097127435,0.7222347081212279,3.69051978002623
TO,thick_FS,unloading,100.0,2124.228607,535.8309355270073,94.32987113384169,-0.036786081115489665,-1.0887176731031676,493.7174475,417.93656443861835,159.90481548333432,0.0017141262275863231,0.32258298658569085,0.2963587838691368,496.3885184168545,84.77535706771015,0.001974033378369982,0.19890453918037876,0.3238980420351718,648.0284880732116,219.9999999995258,0.003177545069431158,0.9751276567894551,0.7349199041815833,2.6015856938258726e-08,0.0,0.3100507050686949,0.3100507050686949,0.4394058789194787,0.4394058789194787,0.2505434160118264,0.2505434160118264,0.6165995959230225,3.022873794772876
TO,thick_FS,unloading,150.0,2223.360358,536.8383490823417,95.53764585868441,-0.0561422449668848,-1.1121780712670237,493.7174475,425.71083694731925,196.97546985435307,0.0021565309158130905,0.6672486599202581,0.9999999979871113,496.8533386779824,81.91835877110923,0.0016883903129413166,0.17587423495227217,0.505327870513197,665.1739852671718,219.99999999793852,0.0029175982087775165,0.6832511557919749,2.6126841246032484e-09,1.8968073962116318e-08,0.0,0.2982598991305229,0.2982598991305229,0.4472187716461501,0.4472187716461501,0.25452132922332704,0.25452132922332704,0.26358124866566335,1.023982807059709
TO,thick_FS,unloading,200.0,2324.105796,541.3684445400396,94.20619637565201,-0.11051996591460664,-1.080754640878833,491.745981,427.985556577285,207.78333053938445,0.0018542011941998708,0.6051839987854442,0.9999999995980526,494.7515592945142,92.31884895196265,0.0017283178930404086,0.2002138115624592,0.47060571803905993,660.2260503936154,211.8596558569991,0.003057858645643072,0.6896009960543663,1.3392149555979671e-08,2.338821608376181e-08,0.0,0.29639144287931407,0.29639144287931407,0.46806899923981987,0.46806899923981987,0.2355395578808661,0.2355395578808661,0.33083130413935646,1.1394898038255148
TO,thick_FS,unloading,250.0,2470.632916,542.1640030583184,95.95544459580799,-0.12560461689632021,-1.124977033921322,636.4962395,478.3478607604419,229.5378212675743,0.00300101259503489,1.08203659791149,0.9999999999845789,491.76805956331106,23.823160279005524,0.0005966399835021523,0.015522230721662922,0.07835758274615617,676.4559144192442,173.41323362117538,0.0027847795112403376,0.5140498795927086,2.2018176171201276e-10,1.980489102474828e-08,0.0,0.2815362037274708,0.28153620372747085,0.4762995506235408,0.47629955062354085,0.2421642456489883,0.24216424564898834,0.01434538420569452,0.4750762410300262
TO,thick_FS,unloading,300.0,2656.629072,541.9101148903729,95.89946336801343,-0.12070062537418183,-1.120385439218145,491.745981,473.3829635228176,222.57612259249552,0.002937652813342996,1.0270673345065733,0.9999999999451255,494.79360584683184,23.8799791830158,0.0005634347667561221,0.0143256748478362,0.000752061890033795,683.6518017186025,200.88295031620095,0.0028488443235830762,0.6091777127557878,1.5421830479311893e-11,1.9882888120589077e-08,0.0,0.28146467666349767,0.28146467666349767,0.47467270216554674,0.47467270216554674,0.24386262117095558,0.24386262117095558,0.013948135985376834,0.5931234421435969
CO,thin_FS,loading,0.0,0.0,439.4681349985013,53.06490471583605,0.6460400689531332,0.7426998496584791,438.3555184675061,408.2346289131289,136.6735838910381,0.006355889385054246,0.9246835321566795,1.33146160763431e-10,478.6698069565411,58.163824695435885,0.00331512543393086,0.20525092974411585,4.9369669463672494e-09,601.2720198904841,30.786687438958246,0.0006189638882351356,0.020284321614750134,2.1967134999911764e-08,8.970829349021288e-08,0.10955056179775281,0.3121094133860685,0.31209762974935706,0.028788463129424426,0.028787376225997457,0.6591398797363599,0.6591149940246456,0.22196883864190833,0.021936501418425968
CO,thin_FS,loading,50.0,931.9683691,497.83067341597257,83.91478263771505,0.3796750206311355,-0.6740484090575514,490.7619547990071,465.6969967206104,197.80524813887823,0.0045959123163518256,1.4280038883919177,0.9999998478522745,492.6190829478502,20.28140571065258,0.0009737526554894158,0.024471237850802297,0.43724437878158756,627.6708495558246,55.10861740325517,0.0009014487004648322,0.05288015796771983,9.731095373943788e-09,7.47425434676581e-09,0.0,0.36788152250640155,0.36788152250640155,0.26205483497616333,0.26205483497616333,0.37006364251743507,0.37006364251743507,0.01713667452149551,0.0370308221130045
CO,thin_FS,loading,100.0,1388.418643,512.204909670473,84.72178651976445,0.1861076912957608,-0.8146367248099704,494.7050150968971,465.0247337688451,258.76490706879656,0.0024079204694653425,0.8133625260538544,0.5725437504696889,495.44335115344006,119.99999297260914,0.002180590682630759,0.3390979536070138,0.5540293595365295,628.8118111013529,74.70704208299185,0.001553896337123252,0.1823490316951608,0.9999999999845789,1.337860358898072e-08,0.0,0.3741338635480413,0.3741338635480413,0.32386084395762393,0.32386084395762393,0.30200529249433483,0.30200529249433483,0.41690874947509127,0.22419158229461766
CO,thin_FS,loading,150.0,1767.112998,518.364467470361,84.44239827701334,0.11179651119357582,-0.8240676986786766,492.73369734218073,444.21829052452756,213.42863758355608,0.0023261104247903797,0.7798353120292763,0.9999999999845948,510.90827532546643,112.7738131901552,0.002566686473712698,0.3081153233628009,1.5420498211682343e-11,627.7030781340956,87.38582621551559,0.002082203021161334,0.2858142948905198,0.9999999999997418,9.785644983505519e-09,0.0,0.3772233720258872,0.3772233720258872,0.34945525376945796,0.34945525376945796,0.27332137420465485,0.27332137420465485,0.39510306677576273,0.3665059666851684
CO,thin_FS,loading,200.0,2032.917373,524.3039429164834,84.66298873883281,0.04125213594387135,-0.8383975298473696,493.7194093095168,478.35978449713446,196.45360235166132,0.0032075414009888415,0.9898107006137635,0.9999999999845789,524.8348951951255,92.81674339043762,0.001433987829626741,0.14167851694406774,1.5421164345497118e-11,628.7881510087202,84.41663774010959,0.001997745806186574,0.2649037798165361,0.9999999998558904,8.686484693012359e-09,0.0,0.3718005531499292,0.3718005531499292,0.37798036181953304,0.37798036181953304,0.2502190850305377,0.2502190850305377,0.14313698251212628,0.2676307496496796
CO,thin_FS,loading,250.0,2297.756819,530.0666782339188,85.78539441055591,-0.021925920854634528,-0.8634214421211097,497.6611955508524,479.999642418554,197.01876189776712,0.0029769656905497335,0.9213004685334918,0.9999999999845789,527.1534513081965,88.86351387694621,0.001381366196892319,0.1306665777381193,1.5422219057370512e-11,630.3317368991073,102.63531035127508,0.0022030831720653244,0.3551792370833864,0.9999999996942994,8.435638586236096e-09,0.0,0.3578724710900347,0.3578724710900347,0.4082313866640648,0.4082313866640648,0.2338961422459005,0.2338961422459005,0.1418284069106269,0.3855194360736121
CO,thin_FS,loading,300.0,2459.691188,528.3034226201186,84.65972907158582,0.0001605354491456167,-0.8321149343493097,495.6905147214784,479.9999812924603,183.1166341246856,0.0031791650478973847,0.9144516525594311,0.9999999999845789,529.403362620248,85.74567053805049,0.0014865958776425006,0.1356867171852405,1.5421386390102043e-11,629.569635810479,92.6645773158695,0.002200237470934925,0.3202603560209427,0.9999999970065159,9.22775869273983e-09,0.0,0.36840648615950244,0.3684064861595024,0.3962587910597726,0.39625879105977246,0.2353347227807252,0.23533472278072515,0.1483804166195895,0.35022120100562526
CO,thin_FS,unloading,0.0,1982.849534,511.07866570177214,78.42744403732347,0.10581323442383737,-0.7103105936703455,490.7619547990071,425.41305253735675,193.14507011047195,0.0020901016740165635,0.5079124878123784,0.4776124955015352,508.8709452755919,105.88504784846347,0.003986481212137138,0.44932084713938636,4.0463687955849537e-11,622.0875726860281,64.4482809754867,0.002575461205923234,0.19962580350768655,0.35652286405401457,1.1223108051695915e-08,0.0,0.42561792506764645,0.42561792506764645,0.3038882463766973,0.3038882463766973,0.2704938285556562,0.2704938285556562,0.884642252201061,0.3930318869840976
CO,thin_FS,unloading,50.0,2221.269492,525.283445366535,83.69580374466875,0.020437497140705016,-0.793054092438715,490.7619547990071,465.002296096076,241.4177708346087,0.00229732570988384,0.8711876002445158,0.9999999999845778,512.8897066875182,95.39086794997206,0.0025393669834739294,0.2578484227638673,1.54225521242779e-11,625.4182395298052,76.66569414438815,0.002351987197273102,0.2832408581285275,0.9999999945123799,2.356110218205141e-08,0.0,0.3879733363493642,0.3879733363493642,0.37561015480980503,0.37561015480980503,0.23641650884083076,0.23641650884083076,0.2959734765410999,0.3251203966275811
CO,thin_FS,unloading,100.0,2341.557597,526.0501894819076,86.19524901966926,0.04790326134154166,-0.8752944355097583,427.4410806490741,463.6995926771558,189.1515170971342,0.0027597758022028128,0.8199804694871837,0.9999999999845789,514.1157867937133,84.28077173591815,0.001887773364965954,0.16935989200136858,1.5420498211682343e-11,626.3858512801006,102.25560410578349,0.00242642702844893,0.3897393269451821,0.9999999999143341,2.806935260314035e-08,0.0,0.3690111964016977,0.3690111964016977,0.3829226255368193,0.3829226255368193,0.248066178061483,0.248066178061483,0.20654137300036715,0.47530318275620065
CO,thin_FS,unloading,150.0,2377.920435,527.0641298899294,84.8559684312137,0.023967458393952975,-0.8394653493713462,504.5552368456192,471.94019069029684,191.45349297249652,0.002839079522459906,0.8538090002705807,0.9999999999845789,517.5932809552786,86.27370235317117,0.0018474700210005664,0.16966335306559643,1.5420997812043424e-11,626.3678807394847,92.83420528180419,0.002376180003697746,0.3465031904617184,0.9999999998721503,1.0034068390703495e-08,0.0,0.37518442161561205,0.37518442161561205,0.38665141504514783,0.38665141504514783,0.23816416333924018,0.23816416333924018,0.19871347457315208,0.4058322064441907
CO,thin_FS,unloading,200.0,2477.8344,528.1808011100568,85.28877892302891,0.00756715196492592,-0.8507999955281051,493.7194093095168,473.6043756040636,196.6278375330014,0.0028243871095752775,0.872346656219058,0.9999999999845789,519.6199776009405,87.36147874808044,0.0017320503857538802,0.1610692766800148,1.5421330878950812e-11,627.5858010426742,96.47458597571374,0.002331149785618434,0.35326692659913594,0.9999999998282291,1.3766990337980399e-08,0.0,0.36929848685973143,0.36929848685973143,0.39427143644349877,0.39427143644349877,0.23643007669676974,0.23643007669676974,0.1846390715568561,0.4049616331771963
CO,thin_FS,unloading,250.0,2548.918672,526.8966836245183,84.99633095875458,0.00954931761708267,-0.8368619883335282,494.7050150968971,479.9998284566174,198.60296101355712,0.0031007705887505887,0.9673312816767612,0.9999999999845789,524.5746414955853,86.18785496019201,0.0014888577277666357,0.13659395555961917,1.5421386390102043e-11,628.4459726226296,89.09431734788375,0.0021142491337233647,0.2958871078634975,0.9999999998004906,9.281087277423517e-09,0.0,0.3693625778432529,0.36936257784325294,0.38984330485311647,0.3898433048531165,0.24079411730363054,0.24079411730363057,0.14120700751333995,0.305879809190715
CO,thin_FS,unloading,300.0,2557.651898,528.3034226201178,84.65972907158387,0.00016053544917363907,-0.8321149343492147,495.6905147214784,479.9999929304422,183.11939389570617,0.0031791276608628886,0.9144546802323938,0.9999999999845789,529.4025030647464,85.74718523579932,0.0014866093413398015,0.1356903429915124,1.5456691482285123e-11,629.5697201779807,92.66427790689684,0.00220022553721067,0.3202575846484006,0.9999999999991266,9.227758539269131e-09,0.0,0.3684064861595205,0.3684064861595205,0.3962587910599621,0.3962587910599621,0.23533472278051737,0.23533472278051737,0.1483838903389164,0.35021701082771245
