segment,load_mN,redchi,rmse
loading,0.0,9.915762963811265e-08,0.000309548847302874
loading,50.0,1.6272796178315994e-08,0.00012539647107802593
loading,100.0,1.9380904864418033e-08,0.0001368488799238194
loading,150.0,1.8335657695904977e-08,0.0001331074822033492
loading,200.0,1.895830574590745e-08,0.00013534866727086918
loading,250.0,1.9240371622878186e-08,0.00013635182349503662
loading,300.0,1.988289230376616e-08,0.00013860982090324706
unloading,0.0,1.9230628628725557e-08,0.00013631729601118936
unloading,50.0,4.438979715546386e-08,0.00020710748865767427
unloading,100.0,2.6015856938258726e-08,0.0001585525715349325
unloading,150.0,1.8968073962116318e-08,0.0001353835317994564
unloading,200.0,2.338821608376181e-08,0.000150332462394114
unloading,250.0,1.980489102474828e-08,0.00013833766814721308
unloading,300.0,1.9882888120589077e-08,0.00013860980632213258
